{
    "POS_X": 36.5523,
    "POS_Y": -69.4396,
    "POS_Z": -5.63042,
    "Q_W": 0.999566,
    "Q_X": 0.000101512,
    "Q_Y": -0.00347018,
    "Q_Z": 0.0292431
}